Dreams of Tomorrow,257415
Marshmallow Test,302270
Lanterns Dice,274090
On Tour,251412
Stellar Armada - Skirmish,208170
Deep Sea Adventure,169654
Durian,307963
Arkon,234221
Gulp,276974
Fluxx,258
Mascarade,139030
Fantasy Realms,223040
Salem,175549
Loot,770
That's Pretty Clever!,244522
Lots,269403
Silicon Valley Startups,267884
Space Base,242302
Machi Koro,143884
Escape Room the Game 3,327107
Sushi Go Party,192291
Bears vs Babies,211534
Forbidden Island,65244
Cat Sudoku,275188
Skull,92415
What do you meme?,226610
Good Cop Bad Cop,153064
Loaded Questions,2838
Sheriff of Nottingham,157969
The Resistance,41114
Munchkin,1927
Spyfall 2,193308
Killer Bunnies,3699
Clue,1294
Scrabble,320
Evolution Climate,182134
Ascension,69789
Spyfall,166384
Hansa Teutonica,43015
Taverns of Tiefenthal,269207
Brass,224517
Viticulture,128621
Catan expansion - cities & knights,926
Catan expansion - seafarers,325
Mars Open: Tabletop Golf,230361
Everdell,199792
7 Wonders: Architects,346703
Nyctophobia,249505
Undercover,180570
MicroMacro,338834
Bezzerwizzer,32441
Bang!,3955
Harry Potter - Death Eater Rising,283211
Cursed Hoards,315200
Mystery of the Temples,234691
Jutaku,203703
The game of things,10934
Citadels,478
Exploding Kittens (NSFW),172242
Forbidden Desert,136063
Space Alert,38453